{
    "package_name": "Package Name (can have spaces)",
    "package_slug": "{{ cookiecutter.package_name.lower().replace(' ','').replace('-','_') }}",
    "package_description": "Short Description of the Package", 
    "module_slug": "{{ cookiecutter.package_slug }}",
    "has_scripts": "n",
    "has_main": "n",
    "author_name": "Author Name",
    "author_email": "noone@nowhere.com",
    "author_url": "Author URL",
    "copyright_year": "2024",
    "readme_format": ["md", "rst"]
}

